runoff_avoided_m3,annual_benefit_usd,NPV_usd,cost_usd,BCR
3918520.0,7837040.0,60515545.509418584,10000000,6.051554550941859
